{
    "dialogue": {
        "1": {
            "flags": [],
            "items": [],
            "itemsRemoved": [],
            "sprite": "thaliak",
            "nameplate": "Thaliak",
            "animation": "",
            "text": [
                "Ah, the guest of honor.",
                "Welcome to the bridge of the Thaliak.",
                "Yes, I was named after a ship.",
                "No, it's not the other way around."
            ],
            "links": [],
            "linktext": {},
            "quietLink": "2"
        },
        "2": {
            "flags": [],
            "items": [],
            "itemsRemoved": [],
            "sprite": "thaliak",
            "nameplate": "",
            "animation": "",
            "text": [
                "Thaliak does an oooh big stretchy and then leans on a railing.",
                "Suppose it's time for more exposition."
            ],
            "links": [],
            "linktext": {},
            "quietLink": "3"
        },
        "3": {
            "flags": [],
            "items": [],
            "itemsRemoved": [],
            "sprite": "thaliak",
            "nameplate": "Thaliak",
            "animation": "",
            "text": [
                "Alright, so, first trip is the Sagittarius Hub.",
                "It's basically a waypoint for traveling around the galaxy.",
                "If you REALLY want to know, we point our ship in the deadly radioactive soup above the supermassive black hole in the center of the galaxy that powers the hub, since that's a pretty easy target from anywhere in the galaxy,",
                "and then, from there, you can shoot your ship to most anywhere in the galaxy.",
                "It's like a diving board, but you can jump really far and control where you jump.",
                "Shockingly simple, you know, once you understand the subatomic warp rift amplifiers and all that.",
                "The coffee there is bland but it's on the way and it's cheap.",
                "So, let me know when you're good and we're off.",
                "This whole thing might take one Earth day, really."
            ],
            "links": [],
            "linktext": {},
            "quietLink": "4"
        },
        "4": {
            "flags": [],
            "items": [],
            "itemsRemoved": [],
            "sprite": "thaliak",
            "nameplate": "",
            "animation": "",
            "text": [
                "Thaliak leans over the console and presses some buttons.",
                "They mumble to themselves. You can't really make out what they say except for one thing."
            ],
            "links": [],
            "linktext": {},
            "quietLink": "5"
        },
        "5": {
            "flags": [
                "talked to thaliak"
            ],
            "items": [],
            "itemsRemoved": [],
            "sprite": "thaliak",
            "nameplate": "Thaliak",
            "animation": "",
            "text": [
                "Maybe this work week might be easier than I thought."
            ],
            "links": [],
            "linktext": {},
            "quietLink": ""
        },
        "leave1": {
            "flags": [
                "confirmed thaliak"
            ],
            "items": [],
            "itemsRemoved": [],
            "sprite": "thaliak",
            "nameplate": "Thaliak",
            "animation": "",
            "text": [
                "Travel is real easy, it'll be even smoother than a cruise liner."
            ],
            "links": [],
            "linktext": {},
            "quietLink": "leave2"
        },
        "leave2": {
            "flags": [],
            "items": [],
            "itemsRemoved": [],
            "sprite": "",
            "nameplate": "",
            "animation": "",
            "text": [
                "Thaliak pushes a button, which creates a giant terrifying...thing in front of the ship.",
                "You don't have time to muster a scream before the ship passes through without incident."
            ],
            "links": [],
            "linktext": {},
            "quietLink": ""
        }
    }
}