{
    "dialogue": {
        "intro1": {
            "flags": [],
            "items": [],
            "itemsRemoved": [],
            "sprite": "jimmy",
            "nameplate": "Jimmy",
            "animation": "happy",
            "text": [
                "Er-Earthen languages are getting more popular.",
                "They recently added English to the Universal Translator."
            ],
            "links": [
                "intro2"
            ],
            "linktext": {
                "intro2": "I don't have one"
            },
            "quietLink": ""
        },
        "intro2": {
            "flags": [],
            "items": [],
            "itemsRemoved": [],
            "sprite": "jimmy",
            "nameplate": "Jimmy",
            "animation": "neutral",
            "text": [
                "W-what?",
                "Oh, right.",
                "We will handle that in due time."
            ],
            "links": [],
            "linktext": {},
            "quietLink": "intro3"
        },
        "intro3": {
            "flags": [],
            "items": [],
            "itemsRemoved": [],
            "sprite": "jimmy",
            "nameplate": "",
            "animation": "neutral",
            "text": [
                "You attempt to make small talk with Jimmy.",
                "It doesn't work great. They give very brief, factual, cold answers. He's either very much not wanting to talk or is very much not good at socializing.",
                "Some people take a second to look at you. Some take a little longer than a second. Some wave at you, or at least, what you interpret as waving."
            ],
            "links": [],
            "linktext": {},
            "quietLink": "intro4"
        },
        "intro4": {
            "flags": [],
            "items": [],
            "itemsRemoved": [],
            "sprite": "jimmy",
            "nameplate": "Jimmy",
            "animation": "neutral",
            "text": [
                "You uh.",
                "Can talk with the patrons, if you want.",
                "I'll meet you back in the Thaliak once you're ready."
            ],
            "links": [],
            "linktext": {},
            "quietLink": "intro5"
        },
        "intro5": {
            "flags": [],
            "items": [],
            "itemsRemoved": [],
            "sprite": "",
            "nameplate": "",
            "animation": "",
            "text": [
                "As you break away from the ever-shortening line, you notice Jimmy picking out a few donuts."
            ],
            "links": [],
            "linktext": {},
            "quietLink": "leave"
        },
        "leave": {
            "flags": ["coffee bought"],
            "items": [],
            "itemsRemoved": [],
            "sprite": "",
            "nameplate": "",
            "animation": "",
            "text": [
                "So, they have those too."
            ],
            "links": [],
            "linktext": {},
            "quietLink": ""
        }
    }
}