{
    "dialogue": {
        "intro1": {
            "flags": [],
            "items": [],
            "itemsRemoved": [],
            "sprite": "",
            "nameplate": "",
            "animation": "",
            "text": [
                "The ship soon docks, several metal tubes latching on the ship."
            ],
            "links": [],
            "linktext": {},
            "quietLink": "intro2"
        },
        "intro2": {
            "flags": [],
            "items": [],
            "itemsRemoved": [],
            "sprite": "thaliak",
            "nameplate": "Thaliak",
            "animation": "neutral",
            "text": [
                "Alright, while we refuel, I need to get some paperwork done.",
                "Jimmy, if you wouldn't mind showing our ambassador around and getting everyone a coffee?"
            ],
            "links": [],
            "linktext": {},
            "quietLink": "intro3"
        },
        "intro3": {
            "flags": [],
            "items": [],
            "itemsRemoved": [],
            "sprite": "jimmy",
            "nameplate": "Jimmy",
            "animation": "neutral",
            "text": [
                "A-ah, alright.",
                "I suppose the hub is an Earthly equivalent to a gas station and airport?",
                "Seems about right."
            ],
            "links": [],
            "linktext": {},
            "quietLink": "intro4"
        },
        "intro4": {
            "flags": [],
            "items": [],
            "itemsRemoved": [],
            "sprite": "",
            "nameplate": "",
            "animation": "",
            "text": [
                "You walk throw a passageway that connects the ship to the hub. The door opens to many aliens of varying sizes, shapes, and colors walking around and generally looking busy.",
                "The cumulative smells of all these alien species is overwhelming, but almost as overwhelming is the smell of black coffee."
            ],
            "links": [],
            "linktext": {},
            "quietLink": "intro5"
        },
        "intro5": {
            "flags": [],
            "items": [],
            "itemsRemoved": [],
            "sprite": "jimmy",
            "nameplate": "Jimmy",
            "animation": "neutral",
            "text": [
                "It is not difficult to get lost here",
                "though it is not difficult to find your way back.",
                "I do get quite anxious around the hub.",
                "But I have gotten used to it.",
                "I, uh.",
                "Do you drink coffee?"
            ],
            "links": [
                "intro6a",
                "intro6b",
                "intro6c"
            ],
            "linktext": {
                "intro6a": "Yes, black.",
                "intro6b": "Yes, just fill it with sweet stuff though.",
                "intro6c": "No."
            },
            "quietLink": ""
        },
        "intro6a": {
            "flags": [],
            "items": [],
            "itemsRemoved": [],
            "sprite": "jimmy",
            "nameplate": "Jimmy",
            "animation": "happy",
            "text": [
                "Just like Thaliak."
            ],
            "links": [],
            "linktext": {},
            "quietLink": "intro7"
        },
        "intro6b": {
            "flags": [],
            "items": [],
            "itemsRemoved": [],
            "sprite": "jimmy",
            "nameplate": "Jimmy",
            "animation": "happy",
            "text": [
                "Ah, same preference as I…"
            ],
            "links": [],
            "linktext": {},
            "quietLink": "intro7"
        },
        "intro6c": {
            "flags": [],
            "items": [],
            "itemsRemoved": [],
            "sprite": "jimmy",
            "nameplate": "Jimmy",
            "animation": "sad",
            "text": [
                "O-oh.",
                "Okay…intereesting…"
            ],
            "links": [],
            "linktext": {},
            "quietLink": "intro7"
        },
        "intro7": {
            "flags": [],
            "items": [],
            "itemsRemoved": [],
            "sprite": "jimmy",
            "nameplate": "Jimmy",
            "animation": "neutral",
            "text": [
                "The coffee shop is over there.",
                "The line looks lengthy, though.",
                "I-I suppose it would be fine if you explored a little.",
                "People are quite friendly.",
                "Though, maybe busy."
            ],
            "links": [],
            "linktext": {},
            "quietLink": ""
        },
        "leave1": {
            "flags": [],
            "items": [],
            "itemsRemoved": [],
            "sprite": "jimmy",
            "nameplate": "Jimmy",
            "animation": "neutral",
            "text": [
                "H-hello.",
                "I have also, uh.",
                "I uh, got you a donut.",
                "If you want it, of course."
            ],
            "links": [],
            "linktext": {},
            "quietLink": "leave2"
        },
        "leave2": {
            "flags": [],
            "items": [],
            "itemsRemoved": [],
            "sprite": "jimmy",
            "nameplate": "",
            "animation": "neutral",
            "text": [
                "They bow as they hold out a donut for you to take.",
                "Take it?"
            ],
            "links": [
                "leave3a",
                "leave3b"
            ],
            "linktext": {
                "leave3a": "Thank you.",
                "leave3b": "No thank you."
            },
            "quietLink": ""
        },
        "leave3a": {
            "flags": [],
            "items": [],
            "itemsRemoved": [],
            "sprite": "jimmy",
            "nameplate": "Jimmy",
            "animation": "happy",
            "text": [
                "It is, uh",
                "It is the least I could do.",
                "You know, for the uh",
                "kidnapping."
            ],
            "links": [],
            "linktext": {},
            "quietLink": "leave4"
        },
        "leave3b": {
            "flags": [],
            "items": [],
            "itemsRemoved": [],
            "sprite": "jimmy",
            "nameplate": "Jimmy",
            "animation": "sad",
            "text": [
                "A-ah…",
                "Ok…",
                "That's fine…"
            ],
            "links": [],
            "linktext": {},
            "quietLink": "leave4"
        },
        "leave4": {
            "flags": [],
            "items": [],
            "itemsRemoved": [],
            "sprite": "jimmy",
            "nameplate": "Jimmy",
            "animation": "neutral",
            "text": [
                "A-anyways, we will be departing for Argus."
            ],
            "links": [],
            "linktext": {},
            "quietLink": "leaveconfirmation"
        },
        "leaveconfirmation": {
            "flags": [
                "ready to leave"
            ],
            "items": [],
            "itemsRemoved": [],
            "sprite": "jimmy",
            "nameplate": "Jimmy",
            "animation": "neutral",
            "text": [
                "A-are you ready to depart?"
            ],
            "links": [
                "leave",
                "stay"
            ],
            "linktext": {
                "leave": "Yes",
                "stay": "No"
            },
            "quietLink": ""
        },
        "leave": {
            "flags": [
                "leaving"
            ],
            "items": [],
            "itemsRemoved": [],
            "sprite": "",
            "nameplate": "",
            "animation": "",
            "text": [
                "You board the Thaliak.",
                "Before you know it, you're gone."
            ],
            "links": [],
            "linktext": {},
            "quietLink": ""
        },
        "stay": {
            "flags": [],
            "items": [],
            "itemsRemoved": [],
            "sprite": "jimmy",
            "nameplate": "Jimmy",
            "animation": "sad",
            "text": [
                "Wha-",
                "O-okay."
            ],
            "links": [],
            "linktext": {},
            "quietLink": ""
        }
    }
}