{
    "dialogue": {
        "intro1": {
            "flags": [],
            "items": [],
            "itemsRemoved": [],
            "sprite": "",
            "nameplate": "",
            "animation": "",
            "text": [
                "A series of small, dull beeps are the first thing that you experience for the first time in…a time.",
                "It’s enough to signal to the rest of your body that you are, in fact, alive.",
                "Slowly, you can feel things returning to your awareness. You’re laying on something unnaturally smooth and soft, the air smelling and feeling shockingly clear and sterile. Someone else seems to be there, too."
            ],
            "links": [],
            "linktext": {},
            "quietLink": "intro2"
        },
        "intro2": {
            "flags": [],
            "items": [],
            "itemsRemoved": [],
            "sprite": "",
            "nameplate": "???",
            "animation": "",
            "text": [
                "Mmwwoh aa eeeem…Ah…oooah…"
            ],
            "links": [],
            "linktext": {},
            "quietLink": "intro3"
        },
        "intro3": {
            "flags": [],
            "items": [],
            "itemsRemoved": [],
            "sprite": "",
            "nameplate": "",
            "animation": "",
            "text": [
                "At least, you think there is. Your head, still spinning, struggles to process anything more complicated than the beeping of whatever's going on. Everything is incomprehensible.",
                "The tone of their voice is so strange to your ears that it takes you an additional few seconds to even register that as coming from an entity."
            ],
            "links": [],
            "linktext": {},
            "quietLink": "intro4"
        },
        "intro4": {
            "flags": [],
            "items": [],
            "itemsRemoved": [],
            "sprite": "",
            "nameplate": "???",
            "animation": "",
            "text": [
                "Ak wanee shlissee",
                "ora mak doktheen",
                "...Gam"
            ],
            "links": [],
            "linktext": {},
            "quietLink": "intro5"
        },
        "intro5": {
            "flags": [
                "interro1 intro dialogue done"
            ],
            "items": [],
            "itemsRemoved": [],
            "sprite": "",
            "nameplate": "",
            "animation": "",
            "text": [
                "An entity speaking…some language. One that you can say for certain you don’t recognize.",
                "You pry your eyes open.",
                "All you can see is white. Even when you shut your eyes, the brightness floods your brain.",
                "After what feels like hours of pure anguish, your eyes finally manage to not explode.",
                "You open them up again."
            ],
            "links": [],
            "linktext": {},
            "quietLink": ""
        },
        "1": {
            "flags": [],
            "items": [],
            "itemsRemoved": [],
            "sprite": "jimmy",
            "nameplate": "",
            "animation": "",
            "text": [
                "This is the very same individual that you encountered earlier, eyes wide when they look down at you.",
                "They nervously fiddle with some device on their body."
            ],
            "links": [],
            "linktext": {},
            "quietLink": "2"
        },
        "2": {
            "flags": [],
            "items": [],
            "itemsRemoved": [],
            "sprite": "jimmy",
            "nameplate": "???",
            "animation": "",
            "text": [
                "Können Sie mich hören?"
            ],
            "links": [],
            "linktext": {},
            "quietLink": "3"
        },
        "3": {
            "flags": [],
            "items": [],
            "itemsRemoved": [],
            "sprite": "jimmy",
            "nameplate": "",
            "animation": "",
            "text": [
                "You shoot them the most confused face your body can currently muster."
            ],
            "links": [],
            "linktext": {},
            "quietLink": "4"
        },
        "4": {
            "flags": [],
            "items": [],
            "itemsRemoved": [],
            "sprite": "jimmy",
            "nameplate": "???",
            "animation": "",
            "text": [
                "Ah, falsche Sprache."
            ],
            "links": [],
            "linktext": {},
            "quietLink": "5"
        },
        "5": {
            "flags": [],
            "items": [],
            "itemsRemoved": [],
            "sprite": "jimmy",
            "nameplate": "",
            "animation": "",
            "text": [
                "Another moment is spent adjusting the same object as before."
            ],
            "links": [],
            "linktext": {},
            "quietLink": "6"
        },
        "6": {
            "flags": [],
            "items": [],
            "itemsRemoved": [],
            "sprite": "jimmy",
            "nameplate": "???",
            "animation": "",
            "text": [
                "Ah, there we go.",
                "Can you hear me?"
            ],
            "links": [
                "7a",
                "7b",
                "7c"
            ],
            "linktext": {
                "7a": "Yep.",
                "7b": "You take me home now or so god help me.",
                "7c": "You seem awfully nice for a kidnapper."
            },
            "quietLink": ""
        },
        "7a": {
            "flags": [],
            "items": [],
            "itemsRemoved": [],
            "sprite": "jimmy",
            "nameplate": "???",
            "animation": "",
            "text": [
                "Ah, wonderful.",
                "I'm sure you have a lot of questions.",
                "As much as I would love to answer your questions",
                "there will be time for that later.",
                "They're awake now,",
                "if you're ready."
            ],
            "links": [],
            "linktext": {},
            "quietLink": "8"
        },
        "7b": {
            "flags": [],
            "items": [],
            "itemsRemoved": [],
            "sprite": "jimmy",
            "nameplate": "???",
            "animation": "",
            "text": [
                "I, uh",
                "I, uh, I really would, uh.",
                "I, uh, would permit you, and would transport you there myself.",
                "Uh, except uh…"
            ],
            "links": [],
            "linktext": {},
            "quietLink": "8"
        },
        "7c": {
            "flags": [],
            "items": [],
            "itemsRemoved": [],
            "sprite": "jimmy",
            "nameplate": "???",
            "animation": "",
            "text": [
                "A what!?",
                "Oh, I…oh."
            ],
            "links": [],
            "linktext": {},
            "quietLink": "7c2"
        },
        "7c2": {
            "flags": [],
            "items": [],
            "itemsRemoved": [],
            "sprite": "jimmy",
            "nameplate": "",
            "animation": "",
            "text": [
                "A look of dismay crosses them as their shoulders hunch. "
            ],
            "links": [],
            "linktext": {},
            "quietLink": "7c3"
        },
        "7c3": {
            "flags": [],
            "items": [],
            "itemsRemoved": [],
            "sprite": "jimmy",
            "nameplate": "???",
            "animation": "",
            "text": [
                "I, uh",
                "I suppose my actions affirm that definition.",
                "I can assure you it's for a good-"
            ],
            "links": [],
            "linktext": {},
            "quietLink": "7c4"
        },
        "7c4": {
            "flags": [],
            "items": [],
            "itemsRemoved": [],
            "sprite": "jimmy",
            "nameplate": "",
            "animation": "",
            "text": [
                "Wait, \"good\"?",
                "Your anger is quite obvious and they hastily respond."
            ],
            "links": [],
            "linktext": {},
            "quietLink": "7c5"
        },
        "7c5": {
            "flags": [],
            "items": [],
            "itemsRemoved": [],
            "sprite": "jimmy",
            "nameplate": "???",
            "animation": "",
            "text": [
                "I never had malicious intent.",
                "I can assure you,",
                "if you would just let me explain-"
            ],
            "links": [],
            "linktext": {},
            "quietLink": "8"
        },
        "8": {
            "flags": [],
            "items": [],
            "itemsRemoved": [],
            "sprite": "",
            "nameplate": "",
            "animation": "",
            "text": [
                "The door slides open.",
                "A figure enters the room.",
                "The air becomes thick, metaphorically speaking. This person has some air of authority."
            ],
            "links": [],
            "linktext": {},
            "quietLink": "9"
        },
        "9": {
            "flags": [],
            "items": [],
            "itemsRemoved": [],
            "sprite": "thaliak",
            "nameplate": "The Other Stranger",
            "animation": "",
            "text": [
                "Hello there."
            ],
            "links": [],
            "linktext": {},
            "quietLink": "10"
        },
        "10": {
            "flags": [],
            "items": [],
            "itemsRemoved": [],
            "sprite": "thaliak",
            "nameplate": "",
            "animation": "",
            "text": [
                "Silence floods the room. Their face fixates on you.",
                "Their appearance is completely different from the other one.",
                "The two of them turn to each other."
            ],
            "links": [],
            "linktext": {},
            "quietLink": "11"
        },
        "11": {
            "flags": [],
            "items": [],
            "itemsRemoved": [],
            "sprite": "thaliak",
            "nameplate": "The Other Stranger",
            "animation": "",
            "text": [
                "You have fulfilled your assigned task, if you would permit me to take over?"
            ],
            "links": [],
            "linktext": {},
            "quietLink": "12"
        },
        "12": {
            "flags": [],
            "items": [],
            "itemsRemoved": [],
            "sprite": "jimmy",
            "nameplate": "The First Stranger",
            "animation": "",
            "text": [
                "I, uh.",
                "Are you sure?"
            ],
            "links": [],
            "linktext": {},
            "quietLink": "13"
        },
        "13": {
            "flags": [],
            "items": [],
            "itemsRemoved": [],
            "sprite": "thaliak",
            "nameplate": "The Other Stranger",
            "animation": "",
            "text": [
                "People generally don't react well to their kidnappers."
            ],
            "links": [],
            "linktext": {},
            "quietLink": "14"
        },
        "14": {
            "flags": [],
            "items": [],
            "itemsRemoved": [],
            "sprite": "thaliak",
            "nameplate": "",
            "animation": "",
            "text": [
                "The first stranger glances at you before awkwardly leaving the room after an uncomfortable silence.",
                "You find yourself alone staring at an even more unfamiliar individual."
            ],
            "links": [],
            "linktext": {},
            "quietLink": "15"
        },
        "15": {
            "flags": [],
            "items": [],
            "itemsRemoved": [],
            "sprite": "thaliak",
            "nameplate": "The Other Stranger",
            "animation": "",
            "text": [
                "Now then, how are you feeling?"
            ],
            "links": [],
            "linktext": {},
            "quietLink": "16"
        },
        "16": {
            "flags": [],
            "items": [],
            "itemsRemoved": [],
            "sprite": "thaliak",
            "nameplate": "",
            "animation": "",
            "text": [
                "You slept pretty well, your head is mostly fine now, your muscles don't ache. The bed you're lying on is quite comfortable.",
                "Excluding the whole \"kidnapped by extreme cosplayers\" bit, you're feeling quite alright."
            ],
            "links": [],
            "linktext": {},
            "quietLink": "17"
        },
        "17": {
            "flags": [],
            "items": [],
            "itemsRemoved": [],
            "sprite": "thaliak",
            "nameplate": "The Other Stranger",
            "animation": "",
            "text": [
                "I get this is a lot to deal with. There're a lot of important business both of us need to attend to, but it would, of course, be best if you weren't so disoriented.",
                "My name is Thaliak, by the way, and my assistant is called Jimmy, at least around here."
            ],
            "links": [],
            "linktext": {},
            "quietLink": "18"
        },
        "18": {
            "flags": [],
            "items": [],
            "itemsRemoved": [],
            "sprite": "thaliak",
            "nameplate": "Thaliak",
            "animation": "",
            "text": [
                "So, have you any questions?"
            ],
            "links": [
                "19a",
                "19b",
                "19c",
                "19d",
                "20"
            ],
            "linktext": {
                "19a": "Where am I?",
                "19b": "What are you?",
                "19c": "What's Jimmy's deal?",
                "19d": "What's going on?",
                "20": "No."
            },
            "quietLink": ""
        },
        "19a": {
            "flags": [],
            "items": [],
            "itemsRemoved": [],
            "sprite": "thaliak",
            "nameplate": "Thaliak",
            "animation": "",
            "text": [
                "To put it simply, you're in a spaceship positioned on the opposite side of the solar system.",
                "This, if you couldn't tell, is the medical bay.",
                "Thankfully, Jimmy took care to not hurt you on your way here, your internal functions seem to all be pretty normal."
            ],
            "links": [],
            "linktext": {},
            "quietLink": "18"
        },
        "19b": {
            "flags": [],
            "items": [],
            "itemsRemoved": [],
            "sprite": "thaliak",
            "nameplate": "Thaliak",
            "animation": "",
            "text": [
                "I suppose you've never been off of Earth, huh.",
                "Well, I was born on a station orbiting a planet a long way away. Maybe you'll go there at some point.",
                "My people come from a planet pretty similar to yours, though I can say there's a lot less water."
            ],
            "links": [],
            "linktext": {},
            "quietLink": "18"
        },
        "19c": {
            "flags": [],
            "items": [],
            "itemsRemoved": [],
            "sprite": "thaliak",
            "nameplate": "Thaliak",
            "animation": "",
            "text": [
                "They're a paid intern. They got a degree in Pre-FTL Civilization history.",
                "Their race is naturally quite nervous and formal, if that's what you mean by \"deal\".",
                "They're quite nice once you get to know them, promise."
            ],
            "links": [],
            "linktext": {},
            "quietLink": "18"
        },
        "19d": {
            "flags": [],
            "items": [],
            "itemsRemoved": [],
            "sprite": "thaliak",
            "nameplate": "Thaliak",
            "animation": "",
            "text": [
                "Well, hm. We'll discuss that once you're ready.",
                "In short, no one's in trouble, the societies of Earth are uh…",
                "how do I put this?",
                "Being a minor annoyance."
            ],
            "links": [],
            "linktext": {},
            "quietLink": "18"
        },
        "20": {
            "flags": [],
            "items": [],
            "itemsRemoved": [],
            "sprite": "thaliak",
            "nameplate": "Thaliak",
            "animation": "",
            "text": [
                "With that now taken care of, once you're ready, please join me in the brig. No, you're not a prisoner, but that's where a lot of the recording equipment is and there's, frankly, not a lot of other places to hold a conversation of this import."
            ],
            "links": [],
            "linktext": {},
            "quietLink": "21"
        },
        "21": {
            "flags": [
                "talked to jimmy"
            ],
            "items": [],
            "itemsRemoved": [],
            "sprite": "",
            "nameplate": "",
            "animation": "",
            "text": [
                "Thaliak leaves the room and leaves you alone in the medical bay. As you sit up against the edge of the bed, your bare feet touch the cold floor. It's weirdly textured but it allows you to walk without slipping."
            ],
            "links": [],
            "linktext": {},
            "quietLink": ""
        }
    }
}