{
    "dialogue":{
        "1":{
            "flags":        [],
            "items":        [],
            "itemsRemoved": [],
            "sprite":       "",
            "nameplate":    "",
            "animation":    "",
            "text":         ["You plug your ears with some ear buds and pick something cheery, trying to shake your uneasy feeling.",
                            "The walk back is shockingly uneventful. You walk a little faster than you usually do."],
            "links":        [],
            "linktext":     {},
            "quietLink":    "2"
        },
        "2":{
            "flags":        [],
            "items":        [],
            "itemsRemoved": [],
            "sprite":       "",
            "nameplate":    "???",
            "animation":    "",
            "text":         ["H-Hey, you there!"],
            "links":        [],
            "linktext":     {},
            "quietLink":    "3"
        },
        "3":{
            "flags":        [],
            "items":        [],
            "itemsRemoved": [],
            "sprite":       "",
            "nameplate":    "",
            "animation":    "",
            "text":         ["Your head snaps backwards. An individual stands a small distance away, awkwardly fiddling with the sleeves of their shirt. Their appearance was…very much out of place."],
            "links":        [],
            "linktext":     {},
            "quietLink":    "4"
        },
        "4":{
            "flags":        [],
            "items":        [],
            "itemsRemoved": [],
            "sprite":       "jimmy",
            "nameplate":    "???",
            "animation":    "embarrassed",
            "text":         ["H-hey, uh, human…buddy?",
                            "Perchance you would let me",
                            "ask you a question...",
                            "if that is not",
                            "too much of an inconvenience with you?"],
            "links":        [],
            "linktext":     {},
            "quietLink":    "5"
        },
        "5":{
            "flags":        [],
            "items":        [],
            "itemsRemoved": [],
            "sprite":       "jimmy",
            "nameplate":    "",
            "animation":    "embarrassed",
            "text":         ["Is this one of them LARPers or something? Is there a convention going on?",
                            "This…person looks at you nervously."],
            "links":        ["6a", "6b"],
            "linktext":     {"6a": "Sure.", "6b": "I'm Busy"},
            "quietLink":    ""
        },
        "6a":{
            "flags":        [],
            "items":        [],
            "itemsRemoved": [],
            "sprite":       "jimmy",
            "nameplate":    "???",
            "animation":    "happy",
            "text":         ["O-oh. o-okay",
                            "wonderful",
                            "uh…", "Do you happen to know what radio waves are?"],
            "links":        [],
            "linktext":     {},
            "quietLink":    "7"
        },
        "6b":{
            "flags":        [],
            "items":        [],
            "itemsRemoved": [],
            "sprite":       "jimmy",
            "nameplate":    "???",
            "animation":    "surprise",
            "text":         ["No", "please", "it's a short question", "just…", "Do you happen to know what radio waves are?"],
            "links":        [],
            "linktext":     {},
            "quietLink":    "7"
        },
        "7":{
            "flags":        [],
            "items":        [],
            "itemsRemoved": [],
            "sprite":       "jimmy",
            "nameplate":    "",
            "animation":    "normal",
            "text":         ["So this definitely isn't a Jehovah's Witness. Still a very weird question."],
            "links":        [],
            "linktext":     {},
            "quietLink":    "8"
        },
        "8":{
            "flags":        [],
            "items":        [],
            "itemsRemoved": [],
            "sprite":       "jimmy",
            "nameplate":    "???",
            "animation":    "normal",
            "text":         ["It is a genuine question for a native species of Earth."],
            "links":        [],
            "linktext":     {},
            "quietLink":    "9"
        },
        "9":{
            "flags":        [],
            "items":        [],
            "itemsRemoved": [],
            "sprite":       "jimmy",
            "nameplate":    "",
            "animation":    "embarrassed",
            "text":         ["Whoever this is must be very good at acting.", "So, what are radio waves?"],
            "links":        ["10a", "10b", "10c"],
            "linktext":     {"10a": "Them things coming out them phone towers that kills people?", "10b": "Well, if I remember from school, it's just electromagnetic radiation?", "10c": "Uh…"},
            "quietLink":    ""
        },
        "10a":{
            "flags":        [],
            "items":        [],
            "itemsRemoved": [],
            "sprite":       "jimmy",
            "nameplate":    "",
            "animation":    "disgust",
            "text":         ["Their face, mask, whatever, gives a look of disappointment.", "You quickly tell them you're joking."],
            "links":        [],
            "linktext":     {},
            "quietLink":    "10a1"
        },
        "10a1":{
            "flags":        [],
            "items":        [],
            "itemsRemoved": [],
            "sprite":       "jimmy",
            "nameplate":    "???",
            "animation":    "",
            "text":         ["Oh, so this is a trivial topic to you.", "Interesting…"],
            "links":        [],
            "linktext":     {},
            "quietLink":    "11"
        },
        "10b":{
            "flags":        [],
            "items":        [],
            "itemsRemoved": [],
            "sprite":       "jimmy",
            "nameplate":    "???",
            "animation":    "surprise",
            "text":         ["F-From school, huh?", "Interesting, so", "you've reached the point where this is taught in general primary education."],
            "links":        [],
            "linktext":     {},
            "quietLink":    "11"
        },
        "10c":{
            "flags":        [],
            "items":        [],
            "itemsRemoved": [],
            "sprite":       "jimmy",
            "nameplate":    "???",
            "animation":    "surprise",
            "text":         ["I apologize,", "it seems that was too easy of a question,", "Uh, interesting…"],
            "links":        [],
            "linktext":     {},
            "quietLink":    "11"
        },
        "11":{
            "flags":        [],
            "items":        [],
            "itemsRemoved": [],
            "sprite":       "jimmy",
            "nameplate":    "???",
            "animation":    "",
            "text":         ["So...", "You are fluent in the inner machinations of how your civilization's radio communication functions in your daily lives?"],
            "links":        ["12a", "12b", "12c"],
            "linktext":     {"12a": "What are you talking about?", "12b": "Could you be more specific?", "12c": "Can I go home now?"},
            "quietLink":    ""
        },
        "12a":{
            "flags":        [],
            "items":        [],
            "itemsRemoved": [],
            "sprite":       "jimmy",
            "nameplate":    "???",
            "animation":    "embarrassed",
            "text":         ["Feigning ignorance might be a defensive tactic.", "I think…"],
            "links":        [],
            "linktext":     {},
            "quietLink":    "13"
        },
        "12b":{
            "flags":        [],
            "items":        [],
            "itemsRemoved": [],
            "sprite":       "jimmy",
            "nameplate":    "???",
            "animation":    "normal",
            "text":         ["So you are knowledgeable enough to ask for specifics?"],
            "links":        [],
            "linktext":     {},
            "quietLink":    "13"
        },
        "12c":{
            "flags":        [],
            "items":        [],
            "itemsRemoved": [],
            "sprite":       "jimmy",
            "nameplate":    "???",
            "animation":    "embarrassed",
            "text":         ["Uh", "N-no.", "Just one more thing…"],
            "links":        [],
            "linktext":     {},
            "quietLink":    "13"
        },
        "13":{
            "flags":        [],
            "items":        [],
            "itemsRemoved": [],
            "sprite":       "jimmy",
            "nameplate":    "",
            "animation":    "happy",
            "text":         ["They seem quite happy, for whatever reason. Their posture changes, practically springing up."],
            "links":        [],
            "linktext":     {},
            "quietLink":    "14"
        },
        "14":{
            "flags":        [],
            "items":        [],
            "itemsRemoved": [],
            "sprite":       "jimmy",
            "nameplate":    "???",
            "animation":    "happy",
            "text":         ["Please do not move for a moment."],
            "links":        [],
            "linktext":     {},
            "quietLink":    "15"
        },
        "15":{
            "flags":        [],
            "items":        [],
            "itemsRemoved": [],
            "sprite":       "jimmy",
            "nameplate":    "",
            "animation":    "happy",
            "text":         ["They shuffle through their pockets for a second…", "They pull some toy gun on you.", "Before you are able to consider whether to be threatened or entertained, you feel a sharp pain stab your entire body before your vision and consciousness are flooded with darkness."],
            "links":        [],
            "linktext":     {},
            "quietLink":    ""
        }
    }
}