{
    "dialogue": {
        "intro1": {
            "flags": ["dianmu head met"],
            "items": [],
            "itemsRemoved": [],
            "sprite": "rapal",
            "nameplate": "???",
            "animation": "neutral",
            "text": [
                "Aye, aintcha one of them humans that's been causin' all the ruckus?"
            ],
            "links": [],
            "linktext": {},
            "quietLink": "intro2"
        },
        "intro2": {
            "flags": [],
            "items": [],
            "itemsRemoved": [],
            "sprite": "rapal",
            "nameplate": "",
            "animation": "neutral",
            "text": [
                "How and why does this universal translator have an accent?",
                "This certainly isn't a fancy office, or, really an office at all."
            ],
            "links": [],
            "linktext": {},
            "quietLink": "intro3"
        },
        "intro3": {
            "flags": [],
            "items": [],
            "itemsRemoved": [],
            "sprite": "rapal",
            "nameplate": "???",
            "animation": "happy",
            "text": [
                "Names’ Rapal, ye probably know that I'm the head's secretary, the body, maybe, heheheheh."
            ],
            "links": [],
            "linktext": {},
            "quietLink": "intro4"
        },
        "intro4": {
            "flags": [],
            "items": [],
            "itemsRemoved": [],
            "sprite": "rapal",
            "nameplate": "Rapal",
            "animation": "happy",
            "text": [
                "Fer whatever reason, head don't wanna talk to yah, though knowin' em, probably'd die from boredom from how primitive yas human tech is.",
                "Ah, right, where're me manners. C'mon 'ave a seat'ere"
            ],
            "links": [],
            "linktext": {},
            "quietLink": "intro5"
        },
        "intro5": {
            "flags": [],
            "items": [],
            "itemsRemoved": [],
            "sprite": "rapal",
            "nameplate": "",
            "animation": "happy",
            "text": [
                "Rapal pulls up an exceptionally comfy looking chair."
            ],
            "links": [],
            "linktext": {},
            "quietLink": "intro6"
        },
        "intro6": {
            "flags": [],
            "items": [],
            "itemsRemoved": [],
            "sprite": "rapal",
            "nameplate": "Rapal",
            "animation": "happy",
            "text": [
                "Aye, wouldn't be IT without the comfiest gat damn chairs in the galaxy, see?"
            ],
            "links": [],
            "linktext": {},
            "quietLink": "intro7"
        },
        "intro7": {
            "flags": [],
            "items": [],
            "itemsRemoved": [],
            "sprite": "rapal",
            "nameplate": "",
            "animation": "happy",
            "text": [
                "Damn if this wasn't the gat damn comfiest chair in the gat damn galaxy, see?",
                "Rapal proceeds to do a gat damn backflip into their gat damn chair, landing upside down but still facing you."
            ],
            "links": [],
            "linktext": {},
            "quietLink": "intro8"
        },
        "intro8": {
            "flags": [],
            "items": [],
            "itemsRemoved": [],
            "sprite": "rapal",
            "nameplate": "Rapal",
            "animation": "neutral",
            "text": [
                "'righty then, bizn's.",
                "They ain't call us the IT depa'tment fer nut'n.",
                "Them folks in the Pre-FTL place wanted us to gives yas some modern tech but, uh",
                "'parently, some of them'safraida y'all blowin' yerselves up er wutever.",
                "Even though we's in charge of bringen new civil-eye-zay-shins into the Yew-nyun, fer wutever reason, ",
                "we'vadda sit'on'r asses about Earth cuz ya humans 'parently got a death wish er summat."
            ],
            "links": [],
            "linktext": {},
            "quietLink": "intro8.5"
        },
        "intro8.5": {
            "flags": [],
            "items": [],
            "itemsRemoved": [],
            "sprite": "rapal",
            "nameplate": "Rapal",
            "animation": "neutral",
            "text": [
                "Kestions so far?"
            ],
            "links": [
                "intro9a",
                "intro9b",
                "intro9c",
                "intro9d"
            ],
            "linktext": {
                "intro9a": "Could you do another backflip?",
                "intro9b": "What's your stance on this?",
                "intro9c": "How do you deal with non-digital information?",
                "intro9d": "How does this involve me?"
            },
            "quietLink": ""
        },
        "intro9a": {
            "flags": [],
            "items": [],
            "itemsRemoved": [],
            "sprite": "rapal",
            "nameplate": "Rapal",
            "animation": "sad",
            "text": [
                "Naw"
            ],
            "links": [],
            "linktext": {},
            "quietLink": "intro8.5"
        },
        "intro9b": {
            "flags": [],
            "items": [],
            "itemsRemoved": [],
            "sprite": "rapal",
            "nameplate": "Rapal",
            "animation": "neutral",
            "text": [
                "Eh."
            ],
            "links": [],
            "linktext": {},
            "quietLink": "intro8.5"
        },
        "intro9c": {
            "flags": [],
            "items": [],
            "itemsRemoved": [],
            "sprite": "rapal",
            "nameplate": "Rapal",
            "animation": "neutral",
            "text": [
                "We digitaze em."
            ],
            "links": [],
            "linktext": {},
            "quietLink": "intro8.5"
        },
        "intro9d": {
            "flags": [],
            "items": [],
            "itemsRemoved": [],
            "sprite": "rapal",
            "nameplate": "Rapal",
            "animation": "neutral",
            "text": [
                "Well, see, we ain't gotta do a gat damn thing till them astranumers n pre-FTL folk get them shit together.",
                "Yer jab's t'get them shit together, see?"
            ],
            "links": [],
            "linktext": {},
            "quietLink": "intro10"
        },
        "intro10": {
            "flags": [],
            "items": [],
            "itemsRemoved": [],
            "sprite": "rapal",
            "nameplate": "Rapal",
            "animation": "neutral",
            "text": [
                "Though, we's got one big prablem, ak'shully.",
                "Yous human tech's so primitive and folks so reactive, we'd hafta upend yall's civilization jus to get ya to talk to us properly.",
                "So, yer other jab's to help us help yew.",
                "Nah that'eye thinkabat it, why in the hell d' ya still use coal when ye can just use nuclear fission?"
            ],
            "links": ["intro11a", "intro11b", "intro11c"],
            "linktext": {"intro11a": "Greed", "intro11b": "Ignorance", "intro11c": "It's complicated"},
            "quietLink": ""
        },
        "intro11a": {
            "flags": [],
            "items": [],
            "itemsRemoved": [],
            "sprite": "rapal",
            "nameplate": "Rapal",
            "animation": "angry",
            "text": [
                "The hell's a lump of coal worth compared to a lumpa uranium?",
                "I gat more kestions then answers, see?"
            ],
            "links": [],
            "linktext": {},
            "quietLink": "intro12"
        },
        "intro11b": {
            "flags": [],
            "items": [],
            "itemsRemoved": [],
            "sprite": "rapal",
            "nameplate": "Rapal",
            "animation": "angry",
            "text": [
                "I mean a'course ye could just use fusion or annihilation amplifiers but yew tell me."
            ],
            "links": [],
            "linktext": {},
            "quietLink": "intro12"
        },
        "intro11c": {
            "flags": [],
            "items": [],
            "itemsRemoved": [],
            "sprite": "rapal",
            "nameplate": "Rapal",
            "animation": "disgust",
            "text": [
                "It ain't, but if ya say so."
            ],
            "links": [],
            "linktext": {},
            "quietLink": "intro12"
        },
        "intro12": {
            "flags": [],
            "items": [],
            "itemsRemoved": [],
            "sprite": "rapal",
            "nameplate": "",
            "animation": "neutral",
            "text": [
                "Rapal frontflips to a stand in front of you."
            ],
            "links": [],
            "linktext": {},
            "quietLink": "intro13"
        },
        "intro13": {
            "flags": [],
            "items": [],
            "itemsRemoved": [],
            "sprite": "rapal",
            "nameplate": "Rapal",
            "animation": "neutral",
            "text": [
                "Nah I'm sher yer gon be reeeeeeeeeeeeeeeeeeeeeeeeeeeeeeeeal tired of them astranumers and pre-FTL folk bick'rin at sum point.",
                "Lemme tell ya, I'm reeeeeeeeeeeeeeeeeeeeeeeeeeeeeeeeeeeeeeeeeeeeeeeeeeeeal gat dam tired of them's shit, so yew come ta me and I'll tell em what fer.",
                "Speak'n of reeeeeeeeeeeeeeeeeeeeeeeeeeeeeeeeeeeeeeeeeeeeeeeeeeal gat dam tired, I think ya got one more o them meet'ns to git to.",
                "Oh, beforya go, welcome to the Yew-nyun."
            ],
            "links": [],
            "linktext": {},
            "quietLink": "intro14"
        },
        "intro14": {
            "flags": [],
            "items": [],
            "itemsRemoved": [],
            "sprite": "",
            "nameplate": "",
            "animation": "",
            "text": [
                "Rapal slumps into a chair and uses the chair's wheels to launch themself to another room before you have an opportunity to even say \"What?\"",
                "Jimmy's waiting outside, you should probably talk to them."
            ],
            "links": [],
            "linktext": {},
            "quietLink": ""
        }
    }
}